study_hours,attendance,assignment_completion,quiz_score,previous_marks,consistency,performance
1.5,55,45,40,42,40,Poor
2.0,60,55,48,50,50,Poor
2.5,68,62,55,57,58,Average
3.0,72,68,60,62,64,Average
3.5,78,72,66,68,70,Average
4.0,82,78,72,74,76,Good
4.5,85,82,78,78,80,Good
5.0,90,88,84,85,88,Excellent
5.5,94,92,90,91,92,Excellent
6.0,96,95,94,94,95,Excellent
2.2,65,58,52,54,55,Poor
3.2,75,70,65,66,68,Average
4.2,84,80,75,77,78,Good
4.8,88,85,81,83,84,Good
5.8,92,94,91,90,93,Excellent
1.8,58,50,44,46,45,Poor
3.8,80,75,70,72,73,Good
4.7,87,83,79,80,82,Good
5.2,91,89,86,87,89,Excellent
2.8,70,65,58,60,61,Average
